{"gauge":{"Alloc":2462880,"BuckHashSys":3649,"Frees":22780,"GCCPUFraction":0.0001810641844830961,"GCSys":2478672,"HeapAlloc":2462880,"HeapIdle":4292608,"HeapInuse":3473408,"HeapObjects":1429,"HeapReleased":2588672,"HeapSys":7766016,"LastGC":1732284869673407000,"Lookups":0,"MCacheInuse":16800,"MCacheSys":31200,"MSpanInuse":124800,"MSpanSys":146880,"Mallocs":24209,"NextGC":4194304,"NumForcedGC":0,"NumGC":59,"OtherSys":1586143,"PauseTotalNs":3282754,"RandomValue":43.60764487971653,"StackInuse":589824,"StackSys":589824,"Sys":12602384,"TotalAlloc":157943520},"counter":{"PollCount":49,"testCounter":300}}
